{"cameraMode":{"drawMode":0,"name":"Shaded","section":"Shading Mode"},"sceneLighting":true,"audioPlay":false,"sceneViewState":{"showFog":true,"showMaterialUpdate":false,"showSkybox":true,"showFlares":true,"showImageEffects":true,"showParticleSystems":true},"in2DMode":false,"pivot":{"x":1.0568132400512696,"y":3.823934555053711,"z":9.620224952697754},"rotation":{"x":-0.05870417132973671,"y":0.9006226062774658,"z":-0.12866266071796418,"w":-0.41094863414764407},"size":21.836811065673829,"orthographic":true}